{"tileSize":16,"mapWidth":31,"mapHeight":22,"layers":[{"name":"Layer_3","tiles":[{"id":"0","x":28,"y":9},{"id":"1","x":29,"y":9},{"id":"2","x":28,"y":10},{"id":"3","x":29,"y":10},{"id":"4","x":28,"y":11},{"id":"5","x":29,"y":11},{"id":"6","x":29,"y":19},{"id":"7","x":29,"y":20},{"id":"8","x":1,"y":2},{"id":"9","x":2,"y":2},{"id":"10","x":3,"y":2},{"id":"11","x":4,"y":2},{"id":"12","x":1,"y":3},{"id":"13","x":2,"y":3},{"id":"14","x":3,"y":3},{"id":"15","x":4,"y":3},{"id":"16","x":1,"y":4},{"id":"17","x":2,"y":4},{"id":"18","x":3,"y":4},{"id":"19","x":4,"y":4},{"id":"20","x":1,"y":5},{"id":"21","x":2,"y":5},{"id":"22","x":3,"y":5},{"id":"23","x":4,"y":5}],"collider":false},{"name":"Layer_2","tiles":[{"id":"24","x":1,"y":14},{"id":"25","x":2,"y":14},{"id":"26","x":1,"y":15},{"id":"27","x":2,"y":15},{"id":"28","x":1,"y":16},{"id":"29","x":2,"y":16},{"id":"30","x":1,"y":17},{"id":"31","x":2,"y":17},{"id":"24","x":5,"y":14},{"id":"25","x":6,"y":14},{"id":"26","x":5,"y":15},{"id":"27","x":6,"y":15},{"id":"28","x":5,"y":16},{"id":"29","x":6,"y":16},{"id":"30","x":5,"y":17},{"id":"31","x":6,"y":17},{"id":"32","x":3,"y":14},{"id":"33","x":4,"y":14},{"id":"34","x":3,"y":15},{"id":"35","x":4,"y":15},{"id":"36","x":1,"y":18},{"id":"37","x":2,"y":18},{"id":"38","x":1,"y":19},{"id":"39","x":2,"y":19},{"id":"40","x":1,"y":20},{"id":"41","x":2,"y":20},{"id":"40","x":14,"y":20},{"id":"41","x":15,"y":20},{"id":"42","x":0,"y":4},{"id":"43","x":0,"y":5},{"id":"42","x":0,"y":1},{"id":"43","x":0,"y":2},{"id":"44","x":8,"y":19},{"id":"45","x":9,"y":19},{"id":"46","x":10,"y":19},{"id":"47","x":8,"y":20},{"id":"48","x":9,"y":20},{"id":"49","x":10,"y":20},{"id":"44","x":11,"y":17},{"id":"45","x":12,"y":17},{"id":"46","x":13,"y":17},{"id":"50","x":14,"y":17},{"id":"51","x":15,"y":17},{"id":"52","x":16,"y":17},{"id":"47","x":11,"y":18},{"id":"48","x":12,"y":18},{"id":"49","x":13,"y":18},{"id":"53","x":14,"y":18},{"id":"54","x":15,"y":18},{"id":"55","x":16,"y":18},{"id":"44","x":17,"y":15},{"id":"45","x":18,"y":15},{"id":"46","x":19,"y":15},{"id":"50","x":20,"y":15},{"id":"51","x":21,"y":15},{"id":"52","x":22,"y":15},{"id":"47","x":17,"y":16},{"id":"48","x":18,"y":16},{"id":"49","x":19,"y":16},{"id":"53","x":20,"y":16},{"id":"54","x":21,"y":16},{"id":"55","x":22,"y":16},{"id":"44","x":23,"y":13},{"id":"45","x":24,"y":13},{"id":"46","x":25,"y":13},{"id":"50","x":26,"y":13},{"id":"51","x":27,"y":13},{"id":"52","x":28,"y":13},{"id":"47","x":23,"y":14},{"id":"48","x":24,"y":14},{"id":"49","x":25,"y":14},{"id":"53","x":26,"y":14},{"id":"54","x":27,"y":14},{"id":"55","x":28,"y":14},{"id":"44","x":26,"y":11},{"id":"45","x":27,"y":11},{"id":"51","x":30,"y":11},{"id":"47","x":26,"y":12},{"id":"48","x":27,"y":12},{"id":"54","x":30,"y":12},{"id":"46","x":28,"y":11},{"id":"50","x":29,"y":11},{"id":"49","x":28,"y":12},{"id":"53","x":29,"y":12},{"id":"42","x":0,"y":12},{"id":"43","x":0,"y":13},{"id":"56","x":21,"y":8},{"id":"57","x":22,"y":8},{"id":"58","x":23,"y":8},{"id":"59","x":24,"y":8},{"id":"60","x":21,"y":9},{"id":"61","x":22,"y":9},{"id":"62","x":23,"y":9},{"id":"63","x":24,"y":9},{"id":"64","x":12,"y":6},{"id":"65","x":13,"y":6},{"id":"66","x":14,"y":6},{"id":"67","x":15,"y":6},{"id":"68","x":16,"y":6},{"id":"69","x":17,"y":6},{"id":"70","x":18,"y":6},{"id":"71","x":19,"y":6},{"id":"72","x":12,"y":7},{"id":"73","x":13,"y":7},{"id":"74","x":14,"y":7},{"id":"75","x":15,"y":7},{"id":"76","x":16,"y":7},{"id":"77","x":17,"y":7},{"id":"78","x":18,"y":7},{"id":"79","x":19,"y":7},{"id":"80","x":12,"y":8},{"id":"81","x":13,"y":8},{"id":"82","x":14,"y":8},{"id":"83","x":15,"y":8},{"id":"84","x":16,"y":8},{"id":"85","x":17,"y":8},{"id":"86","x":18,"y":8},{"id":"87","x":19,"y":8},{"id":"88","x":12,"y":9},{"id":"89","x":13,"y":9},{"id":"90","x":14,"y":9},{"id":"91","x":15,"y":9},{"id":"92","x":16,"y":9},{"id":"93","x":17,"y":9},{"id":"94","x":18,"y":9},{"id":"95","x":19,"y":9},{"id":"96","x":6,"y":8},{"id":"97","x":7,"y":8},{"id":"98","x":8,"y":8},{"id":"99","x":9,"y":8},{"id":"100","x":6,"y":9},{"id":"101","x":7,"y":9},{"id":"102","x":8,"y":9},{"id":"103","x":9,"y":9},{"id":"44","x":0,"y":6},{"id":"45","x":1,"y":6},{"id":"46","x":2,"y":6},{"id":"50","x":3,"y":6},{"id":"51","x":4,"y":6},{"id":"52","x":5,"y":6},{"id":"47","x":0,"y":7},{"id":"48","x":1,"y":7},{"id":"49","x":2,"y":7},{"id":"53","x":3,"y":7},{"id":"54","x":4,"y":7},{"id":"55","x":5,"y":7}],"collider":false},{"name":"Layer_1","tiles":[{"id":"104","x":2,"y":15},{"id":"105","x":3,"y":15},{"id":"106","x":4,"y":15},{"id":"107","x":5,"y":15},{"id":"108","x":2,"y":16},{"id":"109","x":3,"y":16},{"id":"110","x":4,"y":16},{"id":"111","x":5,"y":16},{"id":"112","x":2,"y":17},{"id":"113","x":3,"y":17},{"id":"114","x":4,"y":17},{"id":"115","x":5,"y":17},{"id":"116","x":2,"y":18},{"id":"117","x":3,"y":18},{"id":"118","x":4,"y":18},{"id":"119","x":5,"y":18},{"id":"120","x":2,"y":19},{"id":"121","x":3,"y":19},{"id":"122","x":4,"y":19},{"id":"123","x":5,"y":19},{"id":"45","x":6,"y":20},{"id":"46","x":7,"y":20},{"id":"48","x":6,"y":21},{"id":"49","x":7,"y":21},{"id":"45","x":18,"y":20},{"id":"46","x":19,"y":20},{"id":"50","x":20,"y":20},{"id":"51","x":21,"y":20},{"id":"48","x":18,"y":21},{"id":"49","x":19,"y":21},{"id":"53","x":20,"y":21},{"id":"54","x":21,"y":21},{"id":"45","x":24,"y":20},{"id":"46","x":25,"y":20},{"id":"50","x":26,"y":20},{"id":"51","x":27,"y":20},{"id":"48","x":24,"y":21},{"id":"49","x":25,"y":21},{"id":"53","x":26,"y":21},{"id":"54","x":27,"y":21},{"id":"45","x":1,"y":20},{"id":"46","x":2,"y":20},{"id":"50","x":3,"y":20},{"id":"51","x":4,"y":20},{"id":"48","x":1,"y":21},{"id":"49","x":2,"y":21},{"id":"53","x":3,"y":21},{"id":"54","x":4,"y":21},{"id":"46","x":5,"y":20},{"id":"49","x":5,"y":21},{"id":"46","x":16,"y":20},{"id":"49","x":16,"y":21},{"id":"46","x":17,"y":20},{"id":"49","x":17,"y":21},{"id":"46","x":22,"y":20},{"id":"49","x":22,"y":21},{"id":"46","x":23,"y":20},{"id":"49","x":23,"y":21},{"id":"46","x":28,"y":20},{"id":"49","x":28,"y":21},{"id":"46","x":29,"y":20},{"id":"49","x":29,"y":21},{"id":"64","x":8,"y":17},{"id":"65","x":9,"y":17},{"id":"70","x":14,"y":17},{"id":"71","x":15,"y":17},{"id":"46","x":8,"y":20},{"id":"49","x":8,"y":21},{"id":"46","x":9,"y":20},{"id":"49","x":9,"y":21},{"id":"46","x":10,"y":20},{"id":"49","x":10,"y":21},{"id":"46","x":11,"y":20},{"id":"49","x":11,"y":21},{"id":"46","x":12,"y":20},{"id":"49","x":12,"y":21},{"id":"46","x":13,"y":20},{"id":"49","x":13,"y":21},{"id":"46","x":14,"y":20},{"id":"49","x":14,"y":21},{"id":"46","x":15,"y":20},{"id":"49","x":15,"y":21},{"id":"124","x":30,"y":14},{"id":"125","x":30,"y":15},{"id":"126","x":30,"y":16},{"id":"127","x":30,"y":17},{"id":"128","x":30,"y":18},{"id":"129","x":30,"y":19},{"id":"130","x":30,"y":5},{"id":"124","x":30,"y":6},{"id":"125","x":30,"y":7},{"id":"126","x":30,"y":8},{"id":"127","x":30,"y":9},{"id":"128","x":30,"y":10},{"id":"129","x":30,"y":11},{"id":"128","x":30,"y":2},{"id":"129","x":30,"y":3},{"id":"124","x":30,"y":4},{"id":"127","x":30,"y":12},{"id":"127","x":30,"y":13},{"id":"46","x":2,"y":0},{"id":"49","x":2,"y":1},{"id":"46","x":3,"y":0},{"id":"49","x":3,"y":1},{"id":"46","x":4,"y":0},{"id":"49","x":4,"y":1},{"id":"46","x":5,"y":0},{"id":"49","x":5,"y":1},{"id":"46","x":7,"y":0},{"id":"49","x":7,"y":1},{"id":"46","x":8,"y":0},{"id":"49","x":8,"y":1},{"id":"46","x":6,"y":0},{"id":"49","x":6,"y":1},{"id":"46","x":9,"y":0},{"id":"49","x":9,"y":1},{"id":"46","x":10,"y":0},{"id":"49","x":10,"y":1},{"id":"46","x":11,"y":0},{"id":"49","x":11,"y":1},{"id":"46","x":12,"y":0},{"id":"49","x":12,"y":1},{"id":"46","x":13,"y":0},{"id":"49","x":13,"y":1},{"id":"46","x":14,"y":0},{"id":"49","x":14,"y":1},{"id":"46","x":15,"y":0},{"id":"49","x":15,"y":1},{"id":"46","x":16,"y":0},{"id":"49","x":16,"y":1},{"id":"46","x":17,"y":0},{"id":"49","x":17,"y":1},{"id":"46","x":18,"y":0},{"id":"49","x":18,"y":1},{"id":"46","x":19,"y":0},{"id":"49","x":19,"y":1},{"id":"46","x":20,"y":0},{"id":"49","x":20,"y":1},{"id":"46","x":21,"y":0},{"id":"49","x":21,"y":1},{"id":"46","x":22,"y":0},{"id":"49","x":22,"y":1},{"id":"46","x":23,"y":0},{"id":"49","x":23,"y":1},{"id":"46","x":24,"y":0},{"id":"49","x":24,"y":1},{"id":"46","x":25,"y":0},{"id":"49","x":25,"y":1},{"id":"46","x":26,"y":0},{"id":"49","x":26,"y":1},{"id":"46","x":27,"y":0},{"id":"49","x":27,"y":1},{"id":"46","x":28,"y":0},{"id":"49","x":28,"y":1},{"id":"46","x":29,"y":0},{"id":"49","x":29,"y":1},{"id":"46","x":30,"y":0},{"id":"49","x":30,"y":1},{"id":"51","x":1,"y":0},{"id":"54","x":1,"y":1},{"id":"131","x":0,"y":13},{"id":"132","x":0,"y":14},{"id":"133","x":0,"y":15},{"id":"42","x":0,"y":16},{"id":"43","x":0,"y":17},{"id":"134","x":0,"y":18},{"id":"135","x":0,"y":19},{"id":"131","x":0,"y":5},{"id":"132","x":0,"y":6},{"id":"133","x":0,"y":7},{"id":"42","x":0,"y":8},{"id":"43","x":0,"y":9},{"id":"134","x":0,"y":10},{"id":"135","x":0,"y":11},{"id":"136","x":0,"y":12},{"id":"134","x":0,"y":2},{"id":"135","x":0,"y":3},{"id":"136","x":0,"y":4},{"id":"50","x":0,"y":0},{"id":"53","x":0,"y":1},{"id":"50","x":0,"y":20},{"id":"53","x":0,"y":21},{"id":"50","x":30,"y":20},{"id":"53","x":30,"y":21}],"collider":false},{"name":"Layer_0","tiles":[{"id":"137","x":1,"y":1},{"id":"138","x":2,"y":1},{"id":"139","x":3,"y":1},{"id":"140","x":4,"y":1},{"id":"141","x":5,"y":1},{"id":"142","x":6,"y":1},{"id":"143","x":1,"y":2},{"id":"144","x":2,"y":2},{"id":"145","x":3,"y":2},{"id":"146","x":4,"y":2},{"id":"147","x":5,"y":2},{"id":"148","x":6,"y":2},{"id":"149","x":1,"y":3},{"id":"150","x":2,"y":3},{"id":"151","x":3,"y":3},{"id":"152","x":4,"y":3},{"id":"153","x":5,"y":3},{"id":"154","x":6,"y":3},{"id":"155","x":1,"y":4},{"id":"156","x":2,"y":4},{"id":"157","x":3,"y":4},{"id":"158","x":4,"y":4},{"id":"159","x":5,"y":4},{"id":"160","x":6,"y":4},{"id":"161","x":1,"y":5},{"id":"162","x":2,"y":5},{"id":"163","x":3,"y":5},{"id":"164","x":4,"y":5},{"id":"165","x":5,"y":5},{"id":"166","x":6,"y":5},{"id":"167","x":1,"y":6},{"id":"168","x":2,"y":6},{"id":"169","x":3,"y":6},{"id":"170","x":4,"y":6},{"id":"171","x":5,"y":6},{"id":"172","x":6,"y":6},{"id":"173","x":4,"y":7},{"id":"137","x":7,"y":1},{"id":"138","x":8,"y":1},{"id":"139","x":9,"y":1},{"id":"140","x":10,"y":1},{"id":"141","x":11,"y":1},{"id":"142","x":12,"y":1},{"id":"143","x":7,"y":2},{"id":"144","x":8,"y":2},{"id":"145","x":9,"y":2},{"id":"146","x":10,"y":2},{"id":"147","x":11,"y":2},{"id":"148","x":12,"y":2},{"id":"149","x":7,"y":3},{"id":"150","x":8,"y":3},{"id":"151","x":9,"y":3},{"id":"152","x":10,"y":3},{"id":"153","x":11,"y":3},{"id":"154","x":12,"y":3},{"id":"155","x":7,"y":4},{"id":"156","x":8,"y":4},{"id":"157","x":9,"y":4},{"id":"158","x":10,"y":4},{"id":"159","x":11,"y":4},{"id":"160","x":12,"y":4},{"id":"161","x":7,"y":5},{"id":"162","x":8,"y":5},{"id":"163","x":9,"y":5},{"id":"164","x":10,"y":5},{"id":"165","x":11,"y":5},{"id":"166","x":12,"y":5},{"id":"167","x":7,"y":6},{"id":"168","x":8,"y":6},{"id":"169","x":9,"y":6},{"id":"170","x":10,"y":6},{"id":"171","x":11,"y":6},{"id":"172","x":12,"y":6},{"id":"137","x":13,"y":1},{"id":"138","x":14,"y":1},{"id":"139","x":15,"y":1},{"id":"140","x":16,"y":1},{"id":"141","x":17,"y":1},{"id":"142","x":18,"y":1},{"id":"143","x":13,"y":2},{"id":"144","x":14,"y":2},{"id":"145","x":15,"y":2},{"id":"146","x":16,"y":2},{"id":"147","x":17,"y":2},{"id":"148","x":18,"y":2},{"id":"149","x":13,"y":3},{"id":"150","x":14,"y":3},{"id":"151","x":15,"y":3},{"id":"152","x":16,"y":3},{"id":"153","x":17,"y":3},{"id":"154","x":18,"y":3},{"id":"155","x":13,"y":4},{"id":"156","x":14,"y":4},{"id":"157","x":15,"y":4},{"id":"158","x":16,"y":4},{"id":"159","x":17,"y":4},{"id":"160","x":18,"y":4},{"id":"161","x":13,"y":5},{"id":"162","x":14,"y":5},{"id":"163","x":15,"y":5},{"id":"164","x":16,"y":5},{"id":"165","x":17,"y":5},{"id":"166","x":18,"y":5},{"id":"167","x":13,"y":6},{"id":"168","x":14,"y":6},{"id":"169","x":15,"y":6},{"id":"170","x":16,"y":6},{"id":"171","x":17,"y":6},{"id":"172","x":18,"y":6},{"id":"137","x":19,"y":1},{"id":"138","x":20,"y":1},{"id":"139","x":21,"y":1},{"id":"140","x":22,"y":1},{"id":"141","x":23,"y":1},{"id":"142","x":24,"y":1},{"id":"143","x":19,"y":2},{"id":"144","x":20,"y":2},{"id":"145","x":21,"y":2},{"id":"146","x":22,"y":2},{"id":"147","x":23,"y":2},{"id":"148","x":24,"y":2},{"id":"149","x":19,"y":3},{"id":"150","x":20,"y":3},{"id":"151","x":21,"y":3},{"id":"152","x":22,"y":3},{"id":"153","x":23,"y":3},{"id":"154","x":24,"y":3},{"id":"155","x":19,"y":4},{"id":"156","x":20,"y":4},{"id":"157","x":21,"y":4},{"id":"158","x":22,"y":4},{"id":"159","x":23,"y":4},{"id":"160","x":24,"y":4},{"id":"161","x":19,"y":5},{"id":"162","x":20,"y":5},{"id":"163","x":21,"y":5},{"id":"164","x":22,"y":5},{"id":"165","x":23,"y":5},{"id":"166","x":24,"y":5},{"id":"167","x":19,"y":6},{"id":"168","x":20,"y":6},{"id":"169","x":21,"y":6},{"id":"170","x":22,"y":6},{"id":"171","x":23,"y":6},{"id":"172","x":24,"y":6},{"id":"137","x":25,"y":1},{"id":"138","x":26,"y":1},{"id":"139","x":27,"y":1},{"id":"140","x":28,"y":1},{"id":"141","x":29,"y":1},{"id":"142","x":30,"y":1},{"id":"143","x":25,"y":2},{"id":"144","x":26,"y":2},{"id":"145","x":27,"y":2},{"id":"146","x":28,"y":2},{"id":"147","x":29,"y":2},{"id":"148","x":30,"y":2},{"id":"149","x":25,"y":3},{"id":"150","x":26,"y":3},{"id":"151","x":27,"y":3},{"id":"152","x":28,"y":3},{"id":"153","x":29,"y":3},{"id":"154","x":30,"y":3},{"id":"155","x":25,"y":4},{"id":"156","x":26,"y":4},{"id":"157","x":27,"y":4},{"id":"158","x":28,"y":4},{"id":"159","x":29,"y":4},{"id":"160","x":30,"y":4},{"id":"161","x":25,"y":5},{"id":"162","x":26,"y":5},{"id":"163","x":27,"y":5},{"id":"164","x":28,"y":5},{"id":"165","x":29,"y":5},{"id":"166","x":30,"y":5},{"id":"167","x":25,"y":6},{"id":"168","x":26,"y":6},{"id":"169","x":27,"y":6},{"id":"170","x":28,"y":6},{"id":"171","x":29,"y":6},{"id":"172","x":30,"y":6},{"id":"137","x":1,"y":8},{"id":"138","x":2,"y":8},{"id":"140","x":4,"y":8},{"id":"141","x":5,"y":8},{"id":"142","x":6,"y":8},{"id":"143","x":1,"y":9},{"id":"144","x":2,"y":9},{"id":"145","x":3,"y":9},{"id":"146","x":4,"y":9},{"id":"147","x":5,"y":9},{"id":"148","x":6,"y":9},{"id":"149","x":1,"y":10},{"id":"150","x":2,"y":10},{"id":"151","x":3,"y":10},{"id":"152","x":4,"y":10},{"id":"153","x":5,"y":10},{"id":"154","x":6,"y":10},{"id":"155","x":1,"y":11},{"id":"156","x":2,"y":11},{"id":"157","x":3,"y":11},{"id":"158","x":4,"y":11},{"id":"159","x":5,"y":11},{"id":"160","x":6,"y":11},{"id":"161","x":1,"y":12},{"id":"162","x":2,"y":12},{"id":"163","x":3,"y":12},{"id":"164","x":4,"y":12},{"id":"165","x":5,"y":12},{"id":"166","x":6,"y":12},{"id":"172","x":1,"y":7},{"id":"172","x":2,"y":7},{"id":"172","x":3,"y":8},{"id":"172","x":5,"y":7},{"id":"172","x":6,"y":7},{"id":"172","x":3,"y":7},{"id":"174","x":7,"y":7},{"id":"175","x":8,"y":7},{"id":"176","x":9,"y":7},{"id":"177","x":10,"y":7},{"id":"178","x":11,"y":7},{"id":"179","x":12,"y":7},{"id":"137","x":7,"y":8},{"id":"138","x":8,"y":8},{"id":"139","x":9,"y":8},{"id":"140","x":10,"y":8},{"id":"141","x":11,"y":8},{"id":"142","x":12,"y":8},{"id":"143","x":7,"y":9},{"id":"144","x":8,"y":9},{"id":"145","x":9,"y":9},{"id":"146","x":10,"y":9},{"id":"147","x":11,"y":9},{"id":"148","x":12,"y":9},{"id":"149","x":7,"y":10},{"id":"150","x":8,"y":10},{"id":"151","x":9,"y":10},{"id":"152","x":10,"y":10},{"id":"153","x":11,"y":10},{"id":"154","x":12,"y":10},{"id":"155","x":7,"y":11},{"id":"156","x":8,"y":11},{"id":"157","x":9,"y":11},{"id":"158","x":10,"y":11},{"id":"159","x":11,"y":11},{"id":"160","x":12,"y":11},{"id":"161","x":7,"y":12},{"id":"162","x":8,"y":12},{"id":"163","x":9,"y":12},{"id":"164","x":10,"y":12},{"id":"165","x":11,"y":12},{"id":"166","x":12,"y":12},{"id":"174","x":13,"y":7},{"id":"175","x":14,"y":7},{"id":"176","x":15,"y":7},{"id":"177","x":16,"y":7},{"id":"178","x":17,"y":7},{"id":"179","x":18,"y":7},{"id":"137","x":13,"y":8},{"id":"138","x":14,"y":8},{"id":"139","x":15,"y":8},{"id":"140","x":16,"y":8},{"id":"141","x":17,"y":8},{"id":"142","x":18,"y":8},{"id":"143","x":13,"y":9},{"id":"144","x":14,"y":9},{"id":"145","x":15,"y":9},{"id":"146","x":16,"y":9},{"id":"147","x":17,"y":9},{"id":"148","x":18,"y":9},{"id":"149","x":13,"y":10},{"id":"150","x":14,"y":10},{"id":"151","x":15,"y":10},{"id":"152","x":16,"y":10},{"id":"153","x":17,"y":10},{"id":"154","x":18,"y":10},{"id":"155","x":13,"y":11},{"id":"156","x":14,"y":11},{"id":"157","x":15,"y":11},{"id":"158","x":16,"y":11},{"id":"159","x":17,"y":11},{"id":"160","x":18,"y":11},{"id":"161","x":13,"y":12},{"id":"162","x":14,"y":12},{"id":"163","x":15,"y":12},{"id":"164","x":16,"y":12},{"id":"165","x":17,"y":12},{"id":"166","x":18,"y":12},{"id":"174","x":19,"y":7},{"id":"175","x":20,"y":7},{"id":"176","x":21,"y":7},{"id":"177","x":22,"y":7},{"id":"178","x":23,"y":7},{"id":"179","x":24,"y":7},{"id":"137","x":19,"y":8},{"id":"138","x":20,"y":8},{"id":"139","x":21,"y":8},{"id":"140","x":22,"y":8},{"id":"141","x":23,"y":8},{"id":"142","x":24,"y":8},{"id":"143","x":19,"y":9},{"id":"144","x":20,"y":9},{"id":"145","x":21,"y":9},{"id":"146","x":22,"y":9},{"id":"147","x":23,"y":9},{"id":"148","x":24,"y":9},{"id":"149","x":19,"y":10},{"id":"150","x":20,"y":10},{"id":"151","x":21,"y":10},{"id":"152","x":22,"y":10},{"id":"153","x":23,"y":10},{"id":"154","x":24,"y":10},{"id":"155","x":19,"y":11},{"id":"156","x":20,"y":11},{"id":"157","x":21,"y":11},{"id":"158","x":22,"y":11},{"id":"159","x":23,"y":11},{"id":"160","x":24,"y":11},{"id":"161","x":19,"y":12},{"id":"162","x":20,"y":12},{"id":"163","x":21,"y":12},{"id":"164","x":22,"y":12},{"id":"165","x":23,"y":12},{"id":"166","x":24,"y":12},{"id":"174","x":25,"y":7},{"id":"175","x":26,"y":7},{"id":"176","x":27,"y":7},{"id":"177","x":28,"y":7},{"id":"178","x":29,"y":7},{"id":"179","x":30,"y":7},{"id":"137","x":25,"y":8},{"id":"138","x":26,"y":8},{"id":"139","x":27,"y":8},{"id":"140","x":28,"y":8},{"id":"141","x":29,"y":8},{"id":"142","x":30,"y":8},{"id":"143","x":25,"y":9},{"id":"144","x":26,"y":9},{"id":"145","x":27,"y":9},{"id":"146","x":28,"y":9},{"id":"147","x":29,"y":9},{"id":"148","x":30,"y":9},{"id":"149","x":25,"y":10},{"id":"150","x":26,"y":10},{"id":"151","x":27,"y":10},{"id":"152","x":28,"y":10},{"id":"153","x":29,"y":10},{"id":"154","x":30,"y":10},{"id":"155","x":25,"y":11},{"id":"156","x":26,"y":11},{"id":"157","x":27,"y":11},{"id":"158","x":28,"y":11},{"id":"159","x":29,"y":11},{"id":"160","x":30,"y":11},{"id":"161","x":25,"y":12},{"id":"162","x":26,"y":12},{"id":"163","x":27,"y":12},{"id":"164","x":28,"y":12},{"id":"165","x":29,"y":12},{"id":"166","x":30,"y":12},{"id":"174","x":1,"y":13},{"id":"175","x":2,"y":13},{"id":"176","x":3,"y":13},{"id":"177","x":4,"y":13},{"id":"178","x":5,"y":13},{"id":"179","x":6,"y":13},{"id":"137","x":1,"y":14},{"id":"138","x":2,"y":14},{"id":"139","x":3,"y":14},{"id":"140","x":4,"y":14},{"id":"141","x":5,"y":14},{"id":"142","x":6,"y":14},{"id":"143","x":1,"y":15},{"id":"144","x":2,"y":15},{"id":"145","x":3,"y":15},{"id":"146","x":4,"y":15},{"id":"147","x":5,"y":15},{"id":"148","x":6,"y":15},{"id":"149","x":1,"y":16},{"id":"150","x":2,"y":16},{"id":"151","x":3,"y":16},{"id":"152","x":4,"y":16},{"id":"153","x":5,"y":16},{"id":"154","x":6,"y":16},{"id":"155","x":1,"y":17},{"id":"156","x":2,"y":17},{"id":"157","x":3,"y":17},{"id":"158","x":4,"y":17},{"id":"159","x":5,"y":17},{"id":"160","x":6,"y":17},{"id":"161","x":1,"y":18},{"id":"162","x":2,"y":18},{"id":"163","x":3,"y":18},{"id":"164","x":4,"y":18},{"id":"165","x":5,"y":18},{"id":"166","x":6,"y":18},{"id":"167","x":1,"y":19},{"id":"168","x":2,"y":19},{"id":"169","x":3,"y":19},{"id":"170","x":4,"y":19},{"id":"171","x":5,"y":19},{"id":"172","x":6,"y":19},{"id":"180","x":1,"y":20},{"id":"181","x":2,"y":20},{"id":"182","x":3,"y":20},{"id":"173","x":4,"y":20},{"id":"183","x":5,"y":20},{"id":"184","x":6,"y":20},{"id":"174","x":7,"y":13},{"id":"175","x":8,"y":13},{"id":"176","x":9,"y":13},{"id":"177","x":10,"y":13},{"id":"178","x":11,"y":13},{"id":"179","x":12,"y":13},{"id":"137","x":7,"y":14},{"id":"138","x":8,"y":14},{"id":"139","x":9,"y":14},{"id":"140","x":10,"y":14},{"id":"141","x":11,"y":14},{"id":"142","x":12,"y":14},{"id":"143","x":7,"y":15},{"id":"144","x":8,"y":15},{"id":"145","x":9,"y":15},{"id":"146","x":10,"y":15},{"id":"147","x":11,"y":15},{"id":"148","x":12,"y":15},{"id":"149","x":7,"y":16},{"id":"150","x":8,"y":16},{"id":"151","x":9,"y":16},{"id":"152","x":10,"y":16},{"id":"153","x":11,"y":16},{"id":"154","x":12,"y":16},{"id":"155","x":7,"y":17},{"id":"156","x":8,"y":17},{"id":"157","x":9,"y":17},{"id":"158","x":10,"y":17},{"id":"159","x":11,"y":17},{"id":"160","x":12,"y":17},{"id":"161","x":7,"y":18},{"id":"162","x":8,"y":18},{"id":"163","x":9,"y":18},{"id":"164","x":10,"y":18},{"id":"165","x":11,"y":18},{"id":"166","x":12,"y":18},{"id":"167","x":7,"y":19},{"id":"168","x":8,"y":19},{"id":"169","x":9,"y":19},{"id":"170","x":10,"y":19},{"id":"171","x":11,"y":19},{"id":"172","x":12,"y":19},{"id":"180","x":7,"y":20},{"id":"181","x":8,"y":20},{"id":"182","x":9,"y":20},{"id":"173","x":10,"y":20},{"id":"183","x":11,"y":20},{"id":"184","x":12,"y":20},{"id":"174","x":13,"y":13},{"id":"175","x":14,"y":13},{"id":"176","x":15,"y":13},{"id":"177","x":16,"y":13},{"id":"178","x":17,"y":13},{"id":"179","x":18,"y":13},{"id":"137","x":13,"y":14},{"id":"138","x":14,"y":14},{"id":"139","x":15,"y":14},{"id":"140","x":16,"y":14},{"id":"141","x":17,"y":14},{"id":"142","x":18,"y":14},{"id":"143","x":13,"y":15},{"id":"144","x":14,"y":15},{"id":"145","x":15,"y":15},{"id":"146","x":16,"y":15},{"id":"147","x":17,"y":15},{"id":"148","x":18,"y":15},{"id":"149","x":13,"y":16},{"id":"150","x":14,"y":16},{"id":"151","x":15,"y":16},{"id":"152","x":16,"y":16},{"id":"153","x":17,"y":16},{"id":"154","x":18,"y":16},{"id":"155","x":13,"y":17},{"id":"156","x":14,"y":17},{"id":"157","x":15,"y":17},{"id":"158","x":16,"y":17},{"id":"159","x":17,"y":17},{"id":"160","x":18,"y":17},{"id":"161","x":13,"y":18},{"id":"162","x":14,"y":18},{"id":"163","x":15,"y":18},{"id":"164","x":16,"y":18},{"id":"165","x":17,"y":18},{"id":"166","x":18,"y":18},{"id":"167","x":13,"y":19},{"id":"168","x":14,"y":19},{"id":"169","x":15,"y":19},{"id":"170","x":16,"y":19},{"id":"171","x":17,"y":19},{"id":"172","x":18,"y":19},{"id":"180","x":13,"y":20},{"id":"181","x":14,"y":20},{"id":"182","x":15,"y":20},{"id":"173","x":16,"y":20},{"id":"183","x":17,"y":20},{"id":"184","x":18,"y":20},{"id":"174","x":19,"y":13},{"id":"175","x":20,"y":13},{"id":"176","x":21,"y":13},{"id":"177","x":22,"y":13},{"id":"178","x":23,"y":13},{"id":"179","x":24,"y":13},{"id":"137","x":19,"y":14},{"id":"138","x":20,"y":14},{"id":"139","x":21,"y":14},{"id":"140","x":22,"y":14},{"id":"141","x":23,"y":14},{"id":"142","x":24,"y":14},{"id":"143","x":19,"y":15},{"id":"144","x":20,"y":15},{"id":"145","x":21,"y":15},{"id":"146","x":22,"y":15},{"id":"147","x":23,"y":15},{"id":"148","x":24,"y":15},{"id":"149","x":19,"y":16},{"id":"150","x":20,"y":16},{"id":"151","x":21,"y":16},{"id":"152","x":22,"y":16},{"id":"153","x":23,"y":16},{"id":"154","x":24,"y":16},{"id":"155","x":19,"y":17},{"id":"156","x":20,"y":17},{"id":"157","x":21,"y":17},{"id":"158","x":22,"y":17},{"id":"159","x":23,"y":17},{"id":"160","x":24,"y":17},{"id":"161","x":19,"y":18},{"id":"162","x":20,"y":18},{"id":"163","x":21,"y":18},{"id":"164","x":22,"y":18},{"id":"165","x":23,"y":18},{"id":"166","x":24,"y":18},{"id":"167","x":19,"y":19},{"id":"168","x":20,"y":19},{"id":"169","x":21,"y":19},{"id":"170","x":22,"y":19},{"id":"171","x":23,"y":19},{"id":"172","x":24,"y":19},{"id":"180","x":19,"y":20},{"id":"181","x":20,"y":20},{"id":"182","x":21,"y":20},{"id":"173","x":22,"y":20},{"id":"183","x":23,"y":20},{"id":"184","x":24,"y":20},{"id":"174","x":25,"y":13},{"id":"175","x":26,"y":13},{"id":"176","x":27,"y":13},{"id":"177","x":28,"y":13},{"id":"178","x":29,"y":13},{"id":"179","x":30,"y":13},{"id":"137","x":25,"y":14},{"id":"138","x":26,"y":14},{"id":"139","x":27,"y":14},{"id":"140","x":28,"y":14},{"id":"141","x":29,"y":14},{"id":"142","x":30,"y":14},{"id":"143","x":25,"y":15},{"id":"144","x":26,"y":15},{"id":"145","x":27,"y":15},{"id":"146","x":28,"y":15},{"id":"147","x":29,"y":15},{"id":"148","x":30,"y":15},{"id":"149","x":25,"y":16},{"id":"150","x":26,"y":16},{"id":"151","x":27,"y":16},{"id":"152","x":28,"y":16},{"id":"153","x":29,"y":16},{"id":"154","x":30,"y":16},{"id":"155","x":25,"y":17},{"id":"156","x":26,"y":17},{"id":"157","x":27,"y":17},{"id":"158","x":28,"y":17},{"id":"159","x":29,"y":17},{"id":"160","x":30,"y":17},{"id":"161","x":25,"y":18},{"id":"162","x":26,"y":18},{"id":"163","x":27,"y":18},{"id":"164","x":28,"y":18},{"id":"165","x":29,"y":18},{"id":"166","x":30,"y":18},{"id":"167","x":25,"y":19},{"id":"168","x":26,"y":19},{"id":"169","x":27,"y":19},{"id":"170","x":28,"y":19},{"id":"171","x":29,"y":19},{"id":"172","x":30,"y":19},{"id":"180","x":25,"y":20},{"id":"181","x":26,"y":20},{"id":"182","x":27,"y":20},{"id":"173","x":28,"y":20},{"id":"183","x":29,"y":20},{"id":"184","x":30,"y":20}],"collider":false}]}